{
  "rules": {
    "submissions": {
      ".read": true,
      ".write": true,
      "$paperId": {
        "$nic": {
          ".validate": "
            newData.hasChildren(['name', 'nic', 'district', 'class', 'medium', 'answers', 'timestamp']) &&
            newData.child('nic').val() == $nic &&
            newData.child('name').val().length > 0 &&
            newData.child('district').val().length > 0 &&
            newData.child('class').val().length > 0
          ",
          "answers": {
            "$questionId": {
              ".validate": "newData.isString() && newData.val().matches(/^[1-5]$/)"
            }
          },
          "timestamp": {
            ".validate": "newData.isNumber()"
          },
          "score": {
            ".validate": "newData.isNumber()"
          },
          "totalPossible": {
            ".validate": "newData.isNumber()"
          }
        }
      }
    },
    "paperClassSubmissions": {
      ".read": "auth != null",
      ".write": "auth != null",
      "$paperId": {
        "$nic": {
          ".write": "!data.exists() && root.child('users').child($nic).child('isVerified').val() === true",
          ".validate": "newData.hasChildren(['name', 'nic', 'district', 'class', 'timestamp'])",
          "isVerified": {
            ".validate": "newData.val() === true"
          }
        }
      }
    },
    "admin-keys": {
      ".read": true,
      ".write": false
    },
    "admin-requests": {
      ".read": "auth != null",
      ".write": "auth != null",
      ".validate": "newData.hasChildren(['name', 'email', 'adminType', 'adminKeyUsed', 'status'])"
    },
    "admins": {
      ".read": "auth != null && root.child('admins').child(auth.uid).exists()",
      ".write": "root.child('admins').child(auth.uid).exists()"
    },
    "papers": {
      ".read": true,
      ".write": "auth != null && root.child('admins').child(auth.uid).exists()",
      "$paperId": {
        ".validate": "
          newData.hasChildren(['title', 'year', 'paperNumber', 'subject', 'medium', 'openTime', 'closeTime'])
        ",
        "questions": {
          ".indexOn": ["medium", "subject"]
        }
      }
    },
    "users": {
      ".read": "auth != null && root.child('admins').child(auth.uid).exists()",
      ".indexOn": ["nic"],
      "$uid": {
        ".read": "auth != null && (auth.uid == $uid || root.child('admins').child(auth.uid).exists())",
        ".write": "auth != null && (auth.uid == $uid || root.child('admins').child(auth.uid).exists())",
        ".validate": "
          newData.hasChildren(['name', 'email', 'nic', 'class', 'registeredYear', 'verified']) &&
          newData.child('name').val().length > 2 &&
          newData.child('email').val().matches(/^[^@]+@[^@]+\\.[^@]+$/) &&
          newData.child('nic').val().length > 5 &&
          newData.child('class').val().length > 0 &&
          newData.child('registeredYear').val().length > 0 &&
          newData.child('verified').isBoolean() &&
          // Additional validation for paper submissions
          (newData.child('verified').val() == true || 
           !newData.child('paperSubmissions').exists() ||
           newData.child('paperSubmissions').val() == null)
        ",
        "paperSubmissions": {
          ".validate": "newData.hasChildren() && root.child('users').child(auth.uid).child('verified').val() == true"
        }
      }
    },
    "userAuthMap": {
      ".read": "auth != null && root.child('admins').child(auth.uid).exists()", // Added this line
      "$nic": {
        ".read": "auth != null",
        ".write": "auth != null && root.child('admins').child(auth.uid).exists()",
        ".validate": "newData.isString()"
      }
    },
    "rankings": {
      ".read": true,
      "$year": {
        "$class": {
          "$paper": {
            ".indexOn": ["marks", "district"],
            ".write": "auth != null && root.child('admins').child(auth.uid).exists()",
            ".validate": "newData.hasChildren(['name', 'nic', 'score', 'percentage'])"
          }
        }
      }
    },
    "student_papers": {
      "$uid": {
        ".read": "auth != null && auth.uid == $uid",
        ".write": "auth != null && auth.uid == $uid",
        "$paperId": {
          ".validate": "
            newData.hasChildren(['downloadUrl', 'answerSheetUrl', 'availableUntil', 'timeLimit']) &&
            newData.child('availableUntil').val() > now &&
            newData.child('timeLimit').val() > 0
          "
        }
      }
    },
    "currentUser": {
      "$uid": {
        ".read": "auth != null && auth.uid == $uid",
        ".write": "auth != null && auth.uid == $uid"
      }
    },
    "paperClassPapers": {
      ".read": true,
      ".write": "auth != null"
    },
    "generalForms": {
      ".read": "auth != null && root.child('admins').child(auth.uid).exists()",
      ".write": "auth != null && root.child('admins').child(auth.uid).exists()",
      "$formId": {
        ".validate": "newData.hasChildren(['title', 'description', 'questions', 'access', 'requireLogin', 'createdAt', 'status'])",
        "title": {
          ".validate": "newData.isString() && newData.val().length > 0"
        },
        "description": {
          ".validate": "newData.isString()"
        },
        "questions": {
          ".validate": "newData.hasChildren()"
        },
        "access": {
          ".validate": "newData.isString() && (newData.val() == 'students' || newData.val() == 'public')"
        },
        "requireLogin": {
          ".validate": "newData.isBoolean()"
        },
        "closeTime": {
          ".validate": "newData.isString() || !newData.exists()"
        },
        "createdAt": {
          ".validate": "newData.isNumber()"
        },
        "status": {
          ".validate": "newData.isString() && (newData.val() == 'active' || newData.val() == 'closed')"
        }
      }
    },
    "formSubmissions": {
      ".read": "auth != null && root.child('admins').child(auth.uid).exists()",
      "$formId": {
        ".write": "auth != null && (root.child('admins').child(auth.uid).exists() || (root.child('generalForms/'+$formId+'/access').val() == 'public' || (root.child('generalForms/'+$formId+'/access').val() == 'students' && auth.uid != null)))",
        "$submissionId": {
          ".validate": "newData.hasChildren(['timestamp', 'responses'])",
          "timestamp": {
            ".validate": "newData.isNumber()"
          },
          "responses": {
            ".validate": "newData.hasChildren()"
          },
          "name": {
            ".validate": "newData.isString() || !newData.exists()"
          },
          "email": {
            ".validate": "newData.isString() || !newData.exists()"
          },
          "nic": {
            ".validate": "newData.isString() || !newData.exists()"
          }
        }
      }
    },
      "discussions": {
      ".read": "auth != null",
      ".write": "auth != null && auth.token.isAdmin === true",
      
      "$discussionId": {
        ".validate": "newData.hasChildren(['title', 'type', 'videoUrl', 'createdAt', 'status'])",
        
        "title": {
          ".validate": "newData.isString() && newData.val().length > 0 && newData.val().length < 100"
        },
        "type": {
          ".validate": "newData.isString() && (newData.val() === 'paperClass' || newData.val() === 'onlineClass')"
        },
        "description": {
          ".validate": "newData.isString() && newData.val().length < 500"
        },
        "relatedPaper": {
          ".validate": "newData.isString() && newData.val().matches(/^(paperClass|online)_[a-zA-Z0-9]+$/)"
        },
        "videoUrl": {
          ".validate": "newData.isString() && newData.val().matches(/^https?:\\/\\/.+$/)"
        },
        "videoName": {
          ".validate": "newData.isString() && newData.val().length > 0"
        },
        "videoSize": {
          ".validate": "newData.isNumber() && newData.val() > 0 && newData.val() < 500000000"
        },
        "chapters": {
          ".validate": "newData.hasChildren()",
          
          "$chapterId": {
            ".validate": "newData.hasChildren(['title', 'startTime', 'questions'])",
            
            "title": {
              ".validate": "newData.isString() && newData.val().length > 0 && newData.val().length < 100"
            },
            "startTime": {
              ".validate": "newData.isString() && newData.val().matches(/^\\d{2}:\\d{2}:\\d{2}$/)"
            },
            "questions": {
              ".validate": "newData.isString() && newData.val().length > 0 && newData.val().length < 200"
            },
            "keyPoints": {
              ".validate": "newData.isString() && newData.val().length < 1000"
            },
            "order": {
              ".validate": "newData.isNumber() && newData.val() > 0"
            }
          }
        },
        "createdAt": {
          ".validate": "newData.isNumber() && (newData.val() === now || data.exists())"
        },
        "status": {
          ".validate": "newData.isString() && (newData.val() === 'active' || newData.val() === 'archived')"
        }
      }
    },
    "paperClassRankings": {
      ".read": "auth != null",
      ".write": "auth != null && root.child('admins').child(auth.uid).exists()",
      "$paperId": {
        "batches": {
          "$batchId": {
            ".validate": "
              newData.hasChildren(['paperId', 'batchName', 'timestamp', 'published', 'scores']) &&
              newData.child('paperId').val() == $paperId &&
              newData.child('batchName').isString() &&
              newData.child('timestamp').isNumber() &&
              newData.child('published').isBoolean() &&
              newData.child('scores').val() != null
            ",
            "published": {
              ".validate": "
                newData.isBoolean() && 
                (newData.val() == false || 
                (newData.val() == true && newData.parent().child('scores').val() != null))
              "
            },
            "classRankings": {
              ".validate": "
                newData.val() != null && 
                newData.parent().child('published').val() == true
              "
            },
            "scores": {
              "$uid": {
                ".validate": "
                  newData.hasChildren(['score', 'studentId', 'name', 'class', 'district']) &&
                  newData.child('score').isNumber() &&
                  newData.child('studentId').isString() &&
                  newData.child('name').isString() &&
                  newData.child('class').isString() &&
                  newData.child('district').isString()
                "
              }
            }
          }
        }
      }
    }
  }
}